<?xml version="1.0" encoding="UTF-8"?>
<project-private xmlns="http://www.netbeans.org/ns/project-private/1">
    <editor-bookmarks xmlns="http://www.netbeans.org/ns/editor-bookmarks/2" lastBookmarkId="0"/>
    <open-files xmlns="http://www.netbeans.org/ns/projectui-open-files/2">
        <group>
            <file>file:/C:/Users/Bunny/Documents/NetBeansProjects/APProject/src/approject/AdminL.java</file>
            <file>file:/C:/Users/Bunny/Documents/NetBeansProjects/APProject/src/approject/PendingRequests.java</file>
            <file>file:/C:/Users/Bunny/Documents/NetBeansProjects/APProject/src/approject/ViewRoom.java</file>
            <file>file:/C:/Users/Bunny/Documents/NetBeansProjects/APProject/src/approject/ViewRoomStu.java</file>
            <file>file:/C:/Users/Bunny/Documents/NetBeansProjects/APProject/src/approject/Login.java</file>
            <file>file:/C:/Users/Bunny/Documents/NetBeansProjects/APProject/src/approject/ViewCourses.java</file>
            <file>file:/C:/Users/Bunny/Documents/NetBeansProjects/APProject/src/approject/RegisterCourses.java</file>
            <file>file:/C:/Users/Bunny/Documents/NetBeansProjects/APProject/src/approject/StudentL.java</file>
        </group>
    </open-files>
</project-private>
